run_id,dataset,model_alias,learning_rate,max_length,weight_decay,label_smoothing_factor,selected_threshold,test_default_precision,test_default_recall,test_default_f1,test_tuned_precision,test_tuned_recall,test_tuned_f1,delta_f1
twitter-xlmr-large-threshold,twitter,xlmr-large,1e-05,128,0.03,0.0,0.85,0.6364,0.8358,0.7226,0.7219,0.8134,0.7649,0.0423
twitter-xlmr-base-lr5e-6-len128,twitter,xlmr-base,5e-06,128,0.03,0.0,0.25,0.0,0.0,0.0,0.3505,0.7612,0.48,0.48
twitter-xlmr-base-lr2e-5-len128,twitter,xlmr-base,2e-05,128,0.03,0.0,0.17,0.8283,0.6119,0.7039,0.8036,0.6716,0.7317,0.0278
twitter-xlmr-base-lr1e-5-len256,twitter,xlmr-base,1e-05,256,0.03,0.0,0.5,0.7295,0.6642,0.6953,0.7295,0.6642,0.6953,0.0
twitter-xlmr-base-lr1e-5-wd001,twitter,xlmr-base,1e-05,128,0.01,0.0,0.41,0.7857,0.6567,0.7154,0.7563,0.6716,0.7115,-0.0039
twitter-xlmr-base-label-smoothing005,twitter,xlmr-base,1e-05,128,0.03,0.05,0.67,0.6939,0.7612,0.726,0.7311,0.6493,0.6877,-0.0383
reddit-xlmr-large-threshold,reddit,xlmr-large,1e-05,128,0.03,0.0,0.26,0.6188,0.6048,0.6117,0.5596,0.7054,0.6241,0.0124
twitter-xlmr-large-lr2e-5-len128,twitter,xlmr-large,2e-05,128,0.03,0.0,0.94,0.7222,0.8731,0.7905,0.7303,0.8284,0.7762,-0.0143
reddit-xlmr-large-lr2e-5-len256,reddit,xlmr-large,2e-05,256,0.03,0.0,0.4,0.567,0.6771,0.6172,0.5538,0.7068,0.621,0.0038
