threshold,accuracy,precision,recall,f1,tp,tn,fp,fn
0.05,0.5578,0.3563,0.9518,0.5185,336,451,607,17
0.06,0.5889,0.3729,0.9433,0.5345,333,498,560,20
0.07,0.6081,0.3832,0.9292,0.5426,328,530,528,25
0.08,0.6265,0.3942,0.9178,0.5515,324,560,498,29
0.09,0.6421,0.4036,0.9008,0.5574,318,588,470,35
0.1,0.6598,0.4154,0.8839,0.5652,312,619,439,41
0.11,0.6754,0.4274,0.8754,0.5743,309,644,414,44
0.12,0.6882,0.4378,0.8669,0.5817,306,665,393,47
0.13,0.7009,0.4486,0.8527,0.5879,301,688,370,52
0.14,0.708,0.455,0.8442,0.5913,298,701,357,55
0.15,0.7165,0.4628,0.8272,0.5935,292,719,339,61
0.16,0.7236,0.4698,0.8159,0.5963,288,733,325,65
0.17,0.7349,0.4822,0.8074,0.6038,285,752,306,68
0.18,0.7385,0.4861,0.7932,0.6028,280,762,296,73
0.19,0.7434,0.492,0.7819,0.6039,276,773,285,77
0.2,0.7498,0.5,0.7762,0.6082,274,784,274,79
0.21,0.7541,0.5055,0.7762,0.6123,274,790,268,79
0.22,0.7576,0.5103,0.7734,0.6149,273,796,262,80
0.23,0.759,0.5123,0.7677,0.6145,271,800,258,82
0.24,0.7633,0.5182,0.7649,0.6178,270,807,251,83
0.25,0.764,0.5196,0.7507,0.6141,265,813,245,88
0.26,0.7711,0.53,0.7507,0.6213,265,823,235,88
0.27,0.7732,0.5333,0.7479,0.6226,264,827,231,89
0.28,0.7782,0.5412,0.745,0.6269,263,835,223,90
0.29,0.7817,0.5472,0.7394,0.6289,261,842,216,92
0.3,0.7817,0.5482,0.7252,0.6244,256,847,211,97
0.31,0.7838,0.5519,0.7224,0.6258,255,851,207,98
0.32,0.7845,0.5531,0.7224,0.6265,255,852,206,98
0.33,0.7853,0.5548,0.7167,0.6255,253,855,203,100
0.34,0.7838,0.5529,0.711,0.6221,251,855,203,102
0.35,0.7845,0.5546,0.7054,0.6209,249,858,200,104
0.36,0.7888,0.5621,0.7054,0.6256,249,864,194,104
0.37,0.7902,0.5646,0.7054,0.6272,249,866,192,104
0.38,0.7923,0.5685,0.7054,0.6296,249,869,189,104
0.39,0.7938,0.5711,0.7054,0.6312,249,871,187,104
0.4,0.7966,0.5771,0.6997,0.6325,247,877,181,106
0.41,0.7959,0.5768,0.6912,0.6289,244,879,179,109
0.42,0.7973,0.5796,0.6912,0.6305,244,881,177,109
0.43,0.7959,0.5779,0.6827,0.626,241,882,176,112
0.44,0.7945,0.5766,0.6714,0.6204,237,884,174,116
0.45,0.7945,0.5774,0.6657,0.6184,235,886,172,118
0.46,0.7966,0.5817,0.6657,0.6209,235,889,169,118
0.47,0.7945,0.5789,0.6544,0.6144,231,890,168,122
0.48,0.7959,0.5819,0.6544,0.616,231,892,166,122
0.49,0.7973,0.5848,0.6544,0.6176,231,894,164,122
0.5,0.798,0.5863,0.6544,0.6185,231,895,163,122
0.51,0.798,0.5867,0.6516,0.6174,230,896,162,123
0.52,0.798,0.5867,0.6516,0.6174,230,896,162,123
0.53,0.7994,0.5897,0.6516,0.6191,230,898,160,123
0.54,0.8016,0.5943,0.6516,0.6216,230,901,157,123
0.55,0.8023,0.5959,0.6516,0.6225,230,902,156,123
0.56,0.8037,0.5995,0.6487,0.6231,229,905,153,124
0.57,0.8037,0.6,0.6459,0.6221,228,906,152,125
0.58,0.803,0.5989,0.6431,0.6202,227,906,152,126
0.59,0.8037,0.6005,0.6431,0.6211,227,907,151,126
0.6,0.8044,0.6027,0.6402,0.6209,226,909,149,127
0.61,0.8044,0.6027,0.6402,0.6209,226,909,149,127
0.62,0.8072,0.6092,0.6402,0.6243,226,913,145,127
0.63,0.8065,0.6087,0.6346,0.6214,224,914,144,129
0.64,0.8065,0.6087,0.6346,0.6214,224,914,144,129
0.65,0.8065,0.6093,0.6317,0.6203,223,915,143,130
0.66,0.8086,0.6143,0.6317,0.6229,223,918,140,130
0.67,0.8101,0.6177,0.6317,0.6246,223,920,138,130
0.68,0.8079,0.6158,0.6176,0.6167,218,922,136,135
0.69,0.8086,0.6176,0.6176,0.6176,218,923,135,135
0.7,0.8079,0.6165,0.6147,0.6156,217,923,135,136
0.71,0.8072,0.616,0.6091,0.6125,215,924,134,138
0.72,0.8101,0.6239,0.6062,0.6149,214,929,129,139
0.73,0.8108,0.6257,0.6062,0.6158,214,930,128,139
0.74,0.8115,0.6283,0.6034,0.6156,213,932,126,140
0.75,0.8122,0.6302,0.6034,0.6165,213,933,125,140
0.76,0.8136,0.6347,0.6006,0.6172,212,936,122,141
0.77,0.8157,0.6413,0.5977,0.6188,211,940,118,142
0.78,0.8172,0.6471,0.5921,0.6183,209,944,114,144
0.79,0.8164,0.6469,0.5864,0.6152,207,945,113,146
0.8,0.8179,0.6519,0.5836,0.6158,206,948,110,147
0.81,0.8193,0.6581,0.5779,0.6154,204,952,106,149
0.82,0.8193,0.6601,0.5722,0.6131,202,954,104,151
0.83,0.8172,0.6589,0.5581,0.6043,197,956,102,156
0.84,0.8172,0.6655,0.5411,0.5969,191,962,96,162
0.85,0.8122,0.6594,0.5156,0.5787,182,964,94,171
0.86,0.8122,0.6679,0.4958,0.5691,175,971,87,178
0.87,0.8129,0.6745,0.4873,0.5658,172,975,83,181
0.88,0.8115,0.6747,0.4759,0.5581,168,977,81,185
0.89,0.8101,0.6763,0.4618,0.5488,163,980,78,190
0.9,0.8101,0.684,0.4476,0.5411,158,985,73,195
0.91,0.8044,0.6842,0.4051,0.5089,143,992,66,210
0.92,0.7959,0.6757,0.3541,0.4647,125,998,60,228
0.93,0.7916,0.6766,0.3201,0.4346,113,1004,54,240
0.94,0.7909,0.6859,0.3031,0.4204,107,1009,49,246
0.95,0.7931,0.7103,0.2918,0.4137,103,1016,42,250
